Id|Type
1|Physical Parameter
3|Physical Parameter
4|Physical Parameter
5|Physical Parameter
6|Physical Parameter
8|Physical Parameter
9|Statistical Parameter
10|Physical Parameter
11|Physical Parameter
12|Physical Parameter
13|Physical Parameter
14|Physical Parameter
15|Statistical Parameter
16|Statistical Parameter
17|Physical Parameter
18|Physical Parameter
19|Physical Parameter
20|Physical Parameter
21|Code Parameter
22|Code Parameter
23|Code Parameter
24|Physical Parameter
25|Physical Parameter
26|Physical Parameter
27|Physical Parameter
28|Code Parameter
29|Code Parameter
30|Code Parameter
31|Dimensionless Parameter
32|Physical Parameter
33|Physical Parameter
34|Physical Parameter
35|Physical Parameter
36|Physical Parameter
37|Physical Parameter
38|Physical Parameter
39|Physical Parameter
40|Physical Parameter
41|Physical Parameter
42|Physical Parameter
43|Physical Parameter
44|Physical Parameter
45|Physical Parameter
46|Physical Parameter
47|Dimensionless Parameter
48|Physical Parameter
49|Physical Parameter
50|Physical Parameter
51|Dimensionless Parameter
52|Dimensionless Parameter
53|Dimensionless Parameter
54|Physical Parameter
55|Physical Parameter
56|Physical Parameter
57|Physical Parameter
58|Physical Parameter
59|Physical Parameter
60|Dimensionless Parameter
61|Statistical Parameter
62|Statistical Parameter
63|Statistical Parameter
64|Physical Parameter
65|Statistical Parameter
66|Physical Parameter
67|Physical Parameter
68|Physical Parameter
69|Physical Parameter
70|Physical Parameter
71|Dimensionless Parameter
72|Dimensionless Parameter
73|Dimensionless Parameter
74|Dimensionless Parameter
75|Dimensionless Parameter
76|Physical Parameter
77|Physical Parameter
78|Physical Parameter
79|Physical Parameter
80|Physical Parameter
81|Dimensionless Parameter
82|Physical Parameter
83|Physical Parameter
84|Dimensionless Parameter
85|Physical Parameter
86|Physical Parameter
87|Dimensionless Parameter
88|Physical Parameter
89|Physical Parameter
90|Physical Parameter
91|Dimensionless Parameter
92|Physical Parameter
93|Dimensionless Parameter
94|Physical Parameter
95|Physical Parameter
96|Physical Parameter
97|Physical Parameter
98|Physical Parameter
99|Physical Parameter
100|Physical Parameter
101|Dimensionless Parameter
102|Physical Parameter
103|Statistical Parameter
104|Dimensionless Parameter
105|Physical Parameter
106|Statistical Parameter
107|Dimensionless Parameter
108|Statistical Parameter
109|Dimensionless Parameter
110|Statistical Parameter
111|Statistical Parameter
112|Statistical Parameter
113|Statistical Parameter
114|Statistical Parameter
115|Physical Parameter
116|Physical Parameter
117|Physical Parameter
118|Physical Parameter
119|Physical Parameter
120|Physical Parameter
121|Physical Parameter
122|Physical Parameter
123|Physical Parameter
124|Physical Parameter
125|Physical Parameter
126|Physical Parameter
127|Code Parameter
140|Physical Parameter
142|Statistical Parameter
143|Statistical Parameter
144|Physical Parameter
151|Statistical Parameter
164|Physical Parameter
189|Statistical Parameter
228|Physical Parameter
254|Physical Parameter
351|Physical Parameter
700|Physical Parameter
701|Physical Parameter
702|Physical Parameter
703|Physical Parameter
704|Physical Parameter
710|Dimensionless Parameter
711|Dimensionless Parameter
712|Dimensionless Parameter
713|Dimensionless Parameter
714|Dimensionless Parameter
720|Dimensionless Parameter
721|Dimensionless Parameter
722|Dimensionless Parameter
723|Dimensionless Parameter
724|Dimensionless Parameter
725|Dimensionless Parameter
730|Dimensionless Parameter
731|Dimensionless Parameter
732|Dimensionless Parameter
733|Dimensionless Parameter
800|Code Parameter
801|Dimensionless Parameter
802|Dimensionless Parameter
1006|Physical Parameter
1101|Physical Parameter
1104|Dimensionless Parameter
1105|Physical Parameter
1181|Physical Parameter
6100|Physical Parameter
7100|Dimensionless Parameter
10062|Physical Parameter
10063|Physical Parameter
10065|Physical Parameter
10103|Physical Parameter
10106|Physical Parameter
10108|Physical Parameter
10110|Physical Parameter
10111|Physical Parameter
10112|Physical Parameter
10113|Physical Parameter
10114|Physical Parameter
10142|Physical Parameter
10143|Physical Parameter
10189|Physical Parameter
